,episode_scores
0,-277.3017019749721
1,-208.02732644990746
2,-208.02732849980816
3,-277.30173323780537
4,-277.30173628228016
5,-277.3017261947844
6,-277.3017269815399
7,-277.30172695280766
8,-208.0273179393242
9,-277.3017279739744
10,-277.3017328552495
11,-277.30172267667456
12,-277.30172479627134
13,-208.02731715123906
14,-277.3017084576271
15,-154.14418739312077
16,-208.02739189160812
17,-138.752988816365
18,-154.1444808374114
19,-189.1359510977695
20,-173.38415368765698
21,-173.384150080951
22,-308.08763608705186
23,-231.11589422512205
24,-173.3840222763237
25,-231.1159368526376
26,-173.3840696738234
27,-173.38411062485804
28,-173.38414581753733
29,-173.38415175186213
30,-308.0877895019722
31,-308.0878059817523
32,-308.08782951900434
33,-173.38424357158155
34,-173.38429352004835
35,-173.3843176689578
36,-173.3842455324122
37,-308.0877243474705
38,-231.11613276932655
39,-277.3017232388317
40,-126.15921952203156
41,-277.3013349147979
42,-208.02703070289832
43,-252.11255485656923
44,-189.13621269104826
45,-126.15992368093721
46,-154.14470170740572
47,-277.30224283403777
48,-154.14499860784568
49,-277.302475877201
50,-154.14484687458082
51,-231.11577772668866
52,-259.9765723372761
53,-231.12160002333016
54,-277.30057622179436
55,-126.1592690447983
56,-146.05904325816172
57,-173.3847397468454
58,-208.02866811355142
59,-308.0883741381907
60,-259.9774862019352
61,-259.9773719249758
62,-259.9772824641941
63,-277.30164173825796
64,-173.38410328733997
65,-231.1160898558543
66,-308.0875410667202
67,-154.1444192786807
68,-154.144103176182
69,-208.0267317053312
70,-173.38432625825533
71,-109.59675654163993
72,-208.0267411145108
73,-346.5759174198921
74,-346.5759508562641
75,-154.14421027683724
76,-208.02676884179783
77,-231.11589348283803
78,-208.02732197713493
79,-208.02710422163585
80,-138.75245170974716
81,-277.3014830035736
82,-173.38385647677654
83,-308.08754843363334
84,-277.3014120753993
85,-277.3011375597113
86,-154.1438760021274
87,-277.3012107344489
88,-231.11618680500084
89,-231.11635758783203
90,-308.087706277901
91,-252.11405191330397
92,-231.1160070173539
93,-231.11534907448362
94,-160.07259218467442
95,-173.38311393136703
96,-231.12250005410172
97,-231.11563325770737
98,-208.02639848582845
99,-231.11505950425806
100,-231.1152157971063
101,-231.1150046410413
102,-189.13539451681936
103,-160.07419947642381
104,-109.58918037158824
105,-184.94137854336287
106,-86.80475675008157
107,-130.10108212535758
108,-115.66362841913815
109,-198.13734699645525
110,-252.11136157625435
111,-315.08906479969
112,-189.13378492595223
113,-63.192042011346636
114,-189.13550794560177
115,-94.68103479135516
116,-247.6204035039888
117,-346.5702583448333
118,-231.11545195011115
119,-138.75213089510316
120,-277.3004329217827
121,-115.66522032829573
122,-277.3011806928819
123,-231.11621373425518
124,-154.14425601816947
125,-154.14453045332382
126,-160.0750672532186
127,-277.3009932113085
128,-99.1891123358235
129,-259.97708912218087
130,-277.30050275290904
131,-259.97817473932037
132,-259.9784271836901
133,-396.0482434495358
134,-198.12081343900795
135,-198.12129067335624
136,-308.08748019620816
137,-154.14412529395796
138,-173.38426471774986
139,-308.08742212637475
140,-231.11572351528827
141,-231.1157403959493
142,-346.57564969583507
143,-154.14437121995306
144,-346.57571183921334
145,-231.11609925057974
146,-231.1157450778857
147,-308.08777278129696
148,-288.85105767769954
149,-189.13640916860592
150,-173.38435510038022
151,-231.1225889172005
152,-208.0267373363231
153,-208.02708831618628
154,-126.15836358474421
155,-231.12234034970052
156,-231.11613273047982
157,-208.02628189488138
158,-208.02654074142524
159,-126.16833606858482
160,-69.48986001248888
161,-213.36218943020089
162,-138.75281853697217
163,-203.96121174318662
164,-189.13525852619375
165,-126.1592599418102
166,-208.02669979785665
167,-138.7608322752913
168,-184.94248644689588
169,-346.5708027540602
170,-189.136064268885
171,-277.3020501515076
172,-138.75260102336705
173,-346.5705832460313
174,-277.3015620585321
175,-252.11218200066577
176,-126.15823449007199
177,-130.10163775085334
178,-252.11310166260444
179,-138.75295901115862
180,-252.1128099766046
181,-154.1442648294304
182,-115.66542161320736
183,-277.3017219644649
184,-277.3015143031593
185,-231.12208027103065
186,-173.39326648273803
187,-138.75232385369875
188,-231.1161124944376
189,-259.97720292949504
190,-277.30199565320606
191,-231.1164530817495
192,-154.1442894734836
193,-308.0875304220899
194,-277.30237537098577
195,-126.16063096878237
196,-89.60993939599341
197,-160.0730287550333
198,-208.02709050543453
199,-138.75284445666892
200,-231.11618852219848
201,-138.75234490995075
202,-308.08772566788514
203,-277.302050349603
204,-308.0874617341239
205,-252.11367525068047
206,-154.1438703347171
207,-173.38443935569308
208,-277.3009694267656
209,-308.08761555451224
210,-252.11317702760817
211,-154.14443549925227
212,-231.1157357183562
213,-308.08781446495
214,-277.3012053163669
215,-154.1446663705985
216,-231.1219479194709
217,-346.57021766986315
218,-173.3935819332024
219,-126.1590421251411
220,-252.11301381856845
221,-173.39393779469432
222,-208.02720181225928
223,-252.1130284779101
224,-259.9771283144017
225,-138.75212074008988
226,-208.02675422663538
227,-208.02666775162615
228,-308.0877168412705
229,-231.12294479875223
230,-277.30128364830284
231,-208.02720222733433
232,-277.3017540180148
233,-385.0592343831401
234,-308.08785897328295
235,-138.75347620527302
236,-154.14508248125992
237,-173.38420727137162
238,-308.08734233452833
239,-154.14522929729588
240,-208.02744273820394
241,-231.11608104367684
242,-277.3015441978661
243,-208.02588113421967
244,-308.0875489718253
245,-208.02770781299023
246,-138.7535539895713
247,-173.3951976313592
248,-173.38399983546708
249,-160.07289619894755
250,-231.11605186230514
251,-154.14449078401867
252,-173.39337218381067
253,-115.66213388055904
254,-346.5751503025467
255,-173.3946981681713
256,-231.11601591660508
257,-160.0740400108269
258,-126.15989229631664
259,-126.15885288645335
260,-213.3588188642533
261,-208.0251850623215
262,-173.39166563453114
263,-115.66838733984036
264,-106.7835119989294
265,-148.65331910348056
266,-173.39209823815372
267,-126.15887680240802
268,-231.11538391177115
269,-173.38342609926684
270,-266.64727381583424
271,-138.75988122577138
272,-73.13712430085809
273,-115.6651615527591
274,-148.656931544014
275,-198.1370521535171
276,-92.57785216902634
277,-173.39386056488942
278,-122.46425203514748
279,-115.66396159297703
280,-126.15869965518327
281,-189.13581271301436
282,-126.15822479833118
283,-99.17383561712599
284,-92.57817548682891
285,-173.39404563247885
286,-126.15936486767804
287,-106.78534230519159
288,-198.13759107277886
289,-148.65571988435576
290,-231.11662047141306
291,-154.1446014405956
292,-126.15987191786458
293,-184.94433078292053
294,-0.25265937037512637
295,-308.088132704215
296,-277.30203099732705
297,-252.1131018097772
298,-173.39352625656622
299,-154.14466144474545
300,-259.9773075866509
301,-252.1131232666955
302,-189.13575319611337
303,-115.6652986176424
304,-184.94310089243888
305,-173.3986636937032
306,-173.393141766779
307,-208.02583379098965
308,-208.0258659131276
309,-208.02591434956656
310,-231.1154821289843
311,-231.11576761309698
312,-173.39356052610285
313,-252.11211833452123
314,-189.13604845264337
315,-126.15875780713337
316,-231.12130184115378
317,-138.75246008145183
318,-138.75191724021965
319,-189.1359598310323
320,-189.13518123954645
321,-189.13525217036013
322,-126.1596394408275
323,-189.1351326170514
324,-138.7519409709142
325,-189.13583045034326
326,-252.1124727034774
327,-138.75178701913717
328,-252.1123203317046
329,-138.75247357709833
330,-138.75194958662124
331,-189.1363360004051
332,-315.0889877087499
333,-252.1121609320477
334,-189.13579759290272
335,-189.13556418693477
336,-126.1591067612163
337,-252.11268005506793
338,-277.30130242780916
339,-138.75179954641553
340,-231.12158410615993
341,-277.3007531011187
342,-126.15810966358063
343,-252.11218209621438
344,-252.11217077480342
345,-231.12154971188104
346,-189.1353647575262
347,-126.15864663975053
348,-189.13543757235902
349,-126.15872414179529
350,-288.8505903932623
351,-189.13546156212806
352,-189.1353868352917
353,-252.11218372026727
354,-252.11215918403568
355,-189.13539418646505
356,-252.1122885930121
357,-252.11238459908938
358,-208.02670557573407
359,-315.08991136148217
360,-315.08985607714914
361,-252.1129017481191
362,-208.02772770905727
363,-154.14439127818176
364,-308.0873875273498
365,-231.11564136106088
366,-208.02775405880826
367,-208.02778570651904
368,-154.14414150574873
369,-315.08969330996655
370,-288.85132176925936
371,-252.11308661371683
372,-252.11332051822393
373,-252.1126566838668
374,-315.0890206029348
375,-315.08899806832505
376,-138.75181684671264
377,-138.75189734345796
378,-208.02670294779537
379,-315.0891110963387
380,-138.7518087623569
381,-138.7517968238689
382,-138.75179900248204
383,-138.75181925248924
384,-252.11225331719194
385,-252.1124479271355
386,-252.11316558238295
387,-308.0874896303827
388,-252.11227978888283
389,-208.02736803998272
390,-231.11612506225413
391,-154.1442917200509
392,-154.1441814653203
393,-277.30142072381375
394,-277.3014990213151
395,-154.14419949851435
396,-231.11581631199513
397,-231.11585986397344
398,-231.11587163002983
399,-231.1158626849618
400,-231.11586925813896
401,-154.14419962100663
402,-231.11583820675617
403,-154.14425225604214
404,-154.14423035730272
405,-154.14424848233986
406,-154.144252187865
407,-154.14423009820672
408,-231.11585929185762
409,-231.11584158406853
410,-231.11585235186263
411,-231.1158534531539
412,-231.11587308877148
413,-154.14429817978785
414,-231.11588626532713
415,-231.11589956690827
416,-231.11590228978483
417,-231.1159028188573
418,-231.11589425339415
419,-231.11588239877963
420,-231.11588129206496
421,-231.11588559262813
422,-231.11587915742004
423,-231.11585361121968
424,-231.11577111621398
425,-154.1442934891428
426,-208.02700111584977
427,-231.1157901620682
428,-231.1158245856379
429,-231.1158389035146
430,-154.14423619955676
431,-231.11582101910582
432,-346.5758408954124
433,-308.08751860193286
434,-259.97689702580607
435,-154.1444634757376
436,-277.3014682702878
437,-231.11600859565957
438,-231.11605643136414
439,-308.08750051565426
440,-231.1163111983494
441,-231.1161355533362
442,-154.14430387440004
443,-277.30151077982504
444,-138.7525216924236
445,-277.3015340987705
446,-308.08765281992873
447,-277.3015229031777
448,-252.11255643533312
449,-252.11240749578164
450,-138.75198916413177
451,-138.75203652338638
452,-138.75200664912145
453,-138.75201003784193
454,-138.75200931108196
455,-138.75200653608687
456,-138.7520004113282
457,-138.75200009614156
458,-138.75200242706126
459,-138.75200912569133
460,-138.7520052317109
461,-138.75200343499492
462,-138.75200527400364
463,-138.7520049283841
464,-138.7520038263755
465,-138.75205504823674
466,-189.1355857732832
467,-189.13532284385158
468,-189.1354867415141
469,-252.1122027816442
470,-252.11227024878278
471,-208.02634032687683
472,-154.14351851380584
473,-252.11184669676368
474,-252.11194774776098
475,-252.11288771018715
476,-252.11290907600358
477,-138.75206006743025
478,-138.75201399060242
479,-138.7520055899796
480,-138.75200407477791
481,-138.75200372956036
482,-138.75200537261907
483,-138.75200881661286
484,-277.3009544084918
485,-252.1114281940617
486,-46.39531453645828
487,-36.671172029421065
488,-126.15906208804539
489,-47.99087001077717
490,-208.0272511045161
491,-154.14301365401354
492,-122.46233110093031
493,-130.10000768595125
494,-148.65318329994446
495,-122.45965771269464
496,-84.18465216809255
497,-122.45817443923664
498,-99.17612988405033
499,-104.12330741570165
500,-69.48614101016254
501,-138.76058571819945
502,-115.66408090625758
503,-60.44880917588789
504,-154.15538172115984
505,-90.57431472256886
506,-277.30157583210394
507,-208.02653448267407
508,-189.13551218288137
509,-208.02643180146066
510,-208.0264171901951
511,-252.11225212944956
512,-138.7533264531165
513,-308.08615768520156
514,-198.13469093563134
515,-122.4607697254977
516,-104.12153712425277
517,-231.12706207909198
518,-259.97651398395146
519,-138.75003347402134
520,-94.6821601297976
521,-115.6642263647471
522,-81.71130603076634
523,-106.78587467692174
524,-49.691853745798085
525,-231.12030198449466
526,-231.12055523304707
527,-163.21550827260864
528,-160.07010774702334
529,-43.50238608069009
530,-40.95597753278754
531,-46.39126391841972
532,-77.18139509037535
533,-31.00356227570648
534,-31.705169605195962
535,-115.66954714368464
536,-106.78378389635473
537,-106.78358947812973
538,-231.11562647436347
539,-154.1439378949036
540,-441.04287303630076
541,-252.11207930290905
542,-277.3008727963418
543,-189.13534589639877
544,-252.1121822316269
545,-252.11226239789985
546,-208.02653540348123
547,-208.02628236007635
548,-208.02654147001485
549,-208.02662054292801
550,-346.57632059424816
551,-115.6636529336741
552,-173.39443746163477
553,-138.75185886442074
554,-208.0270965073092
555,-208.02716756323667
556,-173.39326447600214
557,-259.9765813675397
558,-259.97651213912945
559,-154.14453038738534
560,-138.75282330024942
561,-0.2516484260196034
562,-0.24867370757332816
563,-0.2527160595750269
564,-0.2525926695421957
565,-0.2503722625261715
566,-115.67939673870767
567,-120.69785552631627
568,-0.251378990990371
569,-0.2500175692553241
570,-27.401544054079015
571,-0.26198389236004405
572,-189.13554936862374
573,-44.90975522499058
574,-231.1225550942498
575,-231.12688942285573
576,-69.4849842846701
577,-104.12242430480521
578,-146.05350296746485
579,-130.10197733962096
580,-173.39290858471284
581,-138.75236518454628
582,-208.02666523260058
583,-138.76278372409556
584,-120.69255235532526
585,-122.45929148168122
586,-60.45554029406951
587,-54.90132052108538
588,-20.005313781244197
589,-115.66929092043513
590,-49.69124782048419
591,-73.13086162002143
592,-66.1869654821357
593,-104.12380878418257
594,-90.56924631407357
595,-69.48626951143267
596,-138.75169826472754
597,-308.08723907776005
598,-231.1158505000814
599,-231.11622631981174
600,-126.15942304572131
601,-160.0721615132597
602,-126.15904316903352
603,-252.11271726400847
604,-138.75183449643677
605,-208.02662928192294
606,-154.14376090753063
607,-126.15801584333195
608,-99.17922656519414
609,-208.02629805407383
610,-208.0264300010602
611,-208.02643311419607
612,-208.02647473257556
613,-126.15891248665062
614,-189.13568216047386
615,-126.15897394636313
616,-189.1357870510732
617,-208.02647937820544
618,-189.13544970966979
619,-208.02647292257166
620,-208.02644092821046
621,-138.7519143861411
622,-138.7519426982988
623,-189.1355835623832
624,-77.17236754581738
625,-138.75234854025504
626,-8.973473279038403
627,-208.02647954474205
628,-208.02644483693354
629,-189.13568038326684
630,-126.15896449905908
631,-288.8508333302306
632,-126.15896521938645
633,-126.15898729764486
634,-189.1358875834573
635,-231.12209836171192
636,-189.13584911962096
637,-189.13588103200652
638,-189.13583622495347
639,-126.15901858204515
640,-126.15902284667685
641,-126.15922375238084
642,-126.15928960486431
643,-252.1127037051734
644,-252.11274228955227
645,-288.850757963085
646,-126.15892271725338
647,-126.1589657357309
648,-252.1127225257881
649,-252.11241618814768
650,-252.11237657328059
651,-252.11239299415467
652,-126.15911265942741
653,-189.13625277366563
654,-252.11269524902374
655,-126.15924078481625
656,-138.75194156430916
657,-138.7520929507522
658,-252.11272068961725
659,-189.1357482130891
660,-252.1129741788752
661,-252.1127384040922
662,-252.11279321211978
663,-288.85099275845266
664,-288.8509815128627
665,-189.1360721305863
666,-126.15926022244497
667,-126.15905069077311
668,-126.15906271768164
669,-231.12225642434166
670,-213.36071132342323
671,-126.15899655402369
672,-126.15896688376917
673,-189.1358897703946
674,-115.66453906296034
675,-198.14154440078835
676,-173.3932127372299
677,-138.7521712550253
678,-288.8507436343726
679,-252.1125683092376
680,-189.13570505318867
681,-189.1357200786797
682,-189.13575037413494
683,-189.13589642320824
684,-138.7522252783926
685,-189.13569753892162
686,-252.1125454405517
687,-208.02668784063093
688,-208.0266834515249
689,-208.02667351893396
690,-189.13578503208984
691,-173.39784750626646
692,-231.12200545710775
693,-189.13622017807367
694,-189.13606868180767
695,-126.15916641242353
696,-189.13623475774548
697,-288.8509601354797
698,-173.39331885211732
699,-184.9427232736336
700,-189.13579670519377
701,-138.75220916775828
702,-208.0266563962429
703,-138.7522205392077
704,-208.02663928540375
705,-138.75223442662275
706,-252.11258715304893
707,-277.3010291793198
708,-154.14491751989002
709,-154.14466597664193
710,-154.14383696791447
711,-154.14374711118182
712,-154.1438104862515
713,-77.17210090383688
714,-77.1721268913808
715,-154.14396065494694
716,-231.11591072613388
717,-231.11547090077374
718,-173.3836388721176
719,-259.9767122606342
720,-252.1113831934192
721,-165.15263854522587
722,-247.62589170681062
723,-0.26338012601857613
724,-308.0865759244908
725,-173.38304394679957
726,-231.11549336157486
727,-308.08721965718667
728,-259.97671407219156
729,-259.9766009408265
730,-277.3073287136893
731,-0.2504660992412582
732,-216.69297555865967
733,-163.20973265479958
734,-173.39633418102844
735,-288.84951693122485
736,-173.39186055245386
737,-160.07120653661272
738,-138.75810236269982
739,-0.27013158506846097
740,-0.2530266746424697
741,-0.25153571217377096
742,-0.2519414387919505
743,-0.2525777353116571
744,-0.2524912690982014
745,-0.25357196080584826
746,-0.2525006627844228
747,-0.2527927556599982
748,-0.2542859232177723
749,-0.25500264582209886
750,-0.25193506191364967
751,-0.25216445843735413
752,-0.2519008692019191
753,-0.2525334023430479
754,-0.25147746699917595
755,-0.25056972359512375
756,-0.25257188019264115
757,-0.2534581376263834
758,-0.2534217013470724
759,-0.252655259828695
760,-0.2509740035681365
761,-28.711340406984164
762,-9.367541914534051
763,-0.2517562836371611
764,-0.2550485487055296
765,-0.25323438419864785
766,-0.25236816902122733
767,-10.73783622568796
768,-15.292762442343378
769,-0.2525765324644558
770,-0.2507385923468456
771,-0.24966041476550563
772,-0.2522132540893076
773,-19.48452642130858
774,-189.13586235072978
775,-189.13586291581194
776,-189.13586214298203
777,-189.135885283222
778,-189.13585168163243
779,-189.13586267825332
780,-189.13582271789355
781,-189.13584575231346
782,-189.13586821827894
783,-189.13586405601885
784,-189.1358748701089
785,-189.13586338465214
786,-189.13585600051945
787,-189.13586344084067
788,-189.135851653454
789,-189.1358566267394
790,-189.13585071690648
791,-126.15899953893091
792,-213.35971363454377
793,-154.14340043194034
794,-189.13562555038106
795,-77.17159595234297
796,-231.115087412195
797,-231.1150149375027
798,-231.12135256969464
799,-154.1449114590547
800,-138.7642268193554
801,-173.39717318336966
802,-115.66184188190219
803,-173.39636333829048
804,-138.75714416227845
805,-92.57403837718337
806,-138.756447824526
807,-138.7564357401488
808,-138.75641663506667
809,-138.75638355412363
810,-130.09861590256048
811,-126.16003865999838
812,-247.61967671665408
813,-115.67198714245382
814,-184.93960761027023
815,-126.1590626462008
816,-73.12764394485555
817,-138.7564858264845
818,-184.93958343268065
819,-184.93949688890638
820,-184.93953087379614
821,-115.66200863961903
822,-138.7528060962552
823,-308.08784274650213
824,-277.29982421843835
825,-277.2998021856183
826,-231.11609495676424
827,-231.11706746659786
828,-138.76401022141044
829,-189.13861744793502
830,-173.39894286332083
831,-198.13407120489697
832,-138.75596729087204
833,-126.15898371577522
834,-126.15907903903022
835,-126.15913156627897
836,-126.15914256947791
837,-126.15913638877505
838,-126.15913423056737
839,-173.39465919939374
840,-173.3947124632554
841,-173.39470473211725
842,-173.39475933770657
843,-163.2082601403356
844,-216.69154913683212
845,-69.4821304979729
846,-126.15912646616052
847,-198.13570493705933
848,-148.65450104985266
849,-231.121812647224
850,-99.17061307581226
851,-189.13570104208918
852,-208.02685156459182
853,-277.3024265461133
854,-346.5761030327535
855,-277.3016650605583
856,-208.0273057245096
857,-106.78372888641276
858,-184.94040235536983
859,-247.61938997122175
860,-92.57347878089094
861,-184.93975737357962
862,-154.14954315431297
863,-231.12253270341057
864,-122.46223740889366
865,-189.13509755873193
866,-69.48733197010583
867,-126.15909552847238
868,-126.15909785152263
869,-173.39879882686776
870,-126.15909708471982
871,-173.40200347706914
872,-126.15908878050928
873,-115.66498406325644
874,-198.13737081242977
875,-154.1439519821097
876,-308.0877877417928
877,-182.51704652849003
878,-208.02745224830556
879,-277.3020249604086
880,-308.0877846627148
881,-189.13693589873193
882,-213.36112765546528
883,-288.8515497590165
884,-252.11343690508
885,-138.75343369658717
886,-319.93772129003224
887,-138.75222999706455
888,-106.78364152072518
889,-115.66506541190408
890,-69.48581463814152
891,-0.26432147643464526
892,-115.66292290223849
893,-208.0270604228393
894,-231.1161860910629
895,-184.9421710681111
896,-231.11985247922232
897,-81.71320675500937
898,-74.43667135479005
899,-231.1196544727711
900,-106.78378204737899
901,-148.6533214615242
902,-208.02421788167243
903,-184.94201899717703
904,-148.65377551949112
905,-154.14188111271017
906,-173.39719086159585
907,-154.14179753109468
908,-231.11358532917959
909,-277.2998274020032
910,-138.74935727367387
911,-231.11352493359584
912,-154.14162384226927
913,-231.11896527756016
914,-163.20843819768234
915,-308.0854138547257
916,-231.12090765010188
917,-308.08546660288243
918,-92.57411842856841
919,-231.1135268629803
920,-148.6533423130766
921,-86.78834662554578
922,-173.39104439989612
923,-308.08527048183373
924,-154.14164447281712
925,-184.94048170154437
926,-163.20997739298295
927,-115.66988733560908
928,-130.0981472612395
929,-154.14175073206974
930,-99.16883889240805
931,-99.17042420735216
932,-208.02538290087108
933,-231.12497319407564
934,-154.14286722550122
935,-81.71129843444287
936,-173.39215000988938
937,-154.14236555803805
938,-115.66856245952937
939,-115.66828283846478
940,-77.17860743743125
941,-277.2986156433337
942,-208.02391001073448
943,-77.16954768879322
944,-77.16954000570928
945,-154.14141431401902
946,-106.7837702490299
947,-208.02435659400038
948,-213.36042584853521
949,-213.35796510298718
950,-126.15640109665263
951,-138.74966900916698
952,-173.39664100116497
953,-115.66958402147095
954,-231.12179906709306
955,-192.64133989384734
956,-231.12373653114852
957,-173.39176603867213
958,-126.1582447874041
959,-173.3904433199879
960,-173.39061565030894
961,-160.0691777216862
962,-198.1338679433113
963,-115.66340359370666
964,-213.3597192651993
965,-138.752092765795
966,-208.02438363831183
967,-115.6689846712123
968,-154.14189349903927
969,-138.75751753307102
970,-138.7521921358836
971,-277.3003023052864
972,-213.35620875724055
973,-90.56857820995162
974,-259.97724376527697
975,-346.5700572452846
976,-208.02670804325254
977,-308.08754684486826
978,-277.3003058290742
979,-173.39118450791977
980,-208.02459167758167
981,-231.11405411476346
982,-308.0858424184446
983,-252.1107348480614
984,-173.39211443549127
985,-231.11503990892166
986,-208.02721393150887
987,-173.3844938609235
988,-138.75340928115548
989,-277.30161406373503
990,-208.02709339045632
991,-154.14366747358352
992,-346.57061092840365
993,-79.37808434987765
994,-160.07108426005124
995,-99.1576476566564
996,-154.14321805645193
997,-259.9763831558105
998,-138.75555621327877
999,-115.66629438271022
1000,-308.0879884565276
1001,-115.66125802723984
1002,-115.66475677723328
1003,-92.57257881136603
1004,-184.93890092451502
1005,-252.10980862256721
1006,-126.15601339168924
1007,-130.10118112142038
1008,-148.64971144999865
1009,-173.4002776601077
1010,-198.13260647472205
1011,-92.57270901148061
1012,-122.45735377678814
1013,-213.35936766869347
1014,-122.46331210995471
1015,-92.57576753922639
1016,-163.21305981425238
1017,-130.09823208042008
1018,-160.07339013337227
1019,-122.46108613692631
1020,-184.94243380209366
1021,-92.5751437109523
1022,-138.75764698779886
1023,-36.67318900898865
1024,-189.13446234457967
1025,-148.65447213741325
1026,-148.65247189818564
1027,-160.0712124402609
1028,-198.13535522992743
1029,-99.17212754359988
1030,-154.15453836722108
1031,-126.15779250957809
1032,-213.3597860750192
1033,-138.75801762189909
1034,-198.13488329609604
1035,-173.3921562783843
1036,-99.17667701785656
1037,-94.67851914684735
1038,-277.299731123293
1039,-266.64752314578163
1040,-92.5744665504768
1041,-148.6534548002244
1042,-99.1711389652332
1043,-198.13681238732258
1044,-120.6896012051071
1045,-138.76333248882702
1046,-138.76986090589745
1047,-138.7595020667912
1048,-83.33744337040693
1049,-106.79490242880667
1050,-154.1558928029812
1051,-92.58090935261004
1052,-115.67588699198473
1053,-77.19012468081989
1054,-81.71624103009204
1055,-29.086259829603208
1056,-81.71111296648667
1057,-81.711090138875
1058,-81.71108833149555
1059,-80.15485801462965
1060,-81.71111584547259
1061,-122.46081933329663
1062,-24.53901188848526
1063,-277.3014078258157
1064,-106.78470810117383
1065,-92.57742514685228
1066,-184.94330081002053
1067,-198.13714612153086
1068,-115.66447569775397
1069,-122.46196759905582
1070,-126.15942144066285
1071,-173.39392451835724
1072,-115.664620929342
1073,-213.36142917786134
1074,-115.66462998103098
1075,-173.3933066206007
1076,-198.1368207894976
1077,-173.3935310311587
1078,-130.10210313014898
1079,-184.94326734022096
1080,-66.19517171400648
1081,-120.69768031503473
1082,-104.12995996376196
1083,-122.4632832442081
1084,-213.3607932340505
1085,-247.61958995907045
1086,-138.7522311779791
1087,-138.7526804515784
1088,-148.65614333498908
1089,-259.9921384648437
1090,-213.36134033618808
1091,-99.17403041152488
1092,-189.13652614192804
1093,-173.39416775250848
1094,-160.0735674623483
1095,-160.07345697234237
1096,-173.39798290026397
1097,-46.39408310151022
1098,-231.12283456621296
1099,-247.61848720848576
1100,-160.07402245683613
1101,-184.94291176315392
1102,-92.57766723526287
1103,-160.07294890509954
1104,-198.1373278320438
1105,-231.12293016993124
1106,-198.13723223552094
1107,-184.9435057480806
1108,-160.07422414136633
1109,-99.1737464159536
1110,-231.12288674864885
1111,-99.17401763531257
1112,-184.94354552168608
1113,-99.17370426026615
1114,-106.78635447488531
1115,-92.5773898868358
1116,-99.17389390358709
1117,-99.17394311104749
1118,-126.15977501963552
1119,-173.39424928704884
1120,-173.39424950291513
1121,-184.94422380944835
1122,-115.66459552167322
1123,-138.761312789245
1124,-160.0742620585658
1125,-163.21246763725182
1126,-138.76131978367954
1127,-173.3941726507866
1128,-184.9442992019714
1129,-115.6646449504935
1130,-213.3610354278451
1131,-173.3997140454212
1132,-198.136722576746
1133,-198.13827967827362
1134,-53.49678028020887
1135,-106.7863255196951
1136,-106.78520416562922
1137,-115.664646512896
1138,-213.36087276429603
1139,-126.1599548497721
1140,-213.36090792346812
1141,-184.94410744283147
1142,-160.074413076188
1143,-106.78561785003457
1144,-148.65622189738366
1145,-163.21397040758242
1146,-130.10277424416026
1147,-92.57938695042297
1148,-189.13766753462326
1149,-160.07277042543598
1150,-138.76427466787203
1151,-115.66452990922714
1152,-252.11447381110494
1153,-148.65584759429998
1154,-173.3950831906333
1155,-115.66646799977495
1156,-106.78523289491869
1157,-106.78533885604658
1158,-106.78556135074002
1159,-189.13789269159315
1160,-106.78501842223615
1161,-173.39328483336672
1162,-154.14520865477814
1163,-173.39329891059944
1164,-213.36133363951296
1165,-115.6645205920954
1166,-173.39329062090815
1167,-184.94665859877333
1168,-173.39330301694324
1169,-173.3933419948299
1170,-115.66482207381985
1171,-148.6562111858404
1172,-184.94350104642587
1173,-115.66756341340984
1174,-184.9437929128014
1175,-86.80606943071501
1176,-203.9651429815793
1177,-173.39515192483623
1178,-163.2126319657878
1179,-63.1833592149761
1180,-216.69533201834852
1181,-160.0742788036622
1182,-198.13752169438223
1183,-173.39893634123712
1184,-231.1227138980673
1185,-92.57789633822007
1186,-99.1740178802298
1187,-213.36161514173517
1188,-198.13778711825276
1189,-138.76093209583848
1190,-213.3621580819125
1191,-130.10304461478108
1192,-160.07412420055044
1193,-160.07410967996822
1194,-163.2122659027898
1195,-99.17440882819619
1196,-198.13756485537266
1197,-138.76056799012943
1198,-213.3620974508084
1199,-115.66532113947346
1200,-173.3946700032616
1201,-138.76061407014967
1202,-213.362107975831
1203,-115.66500356875322
1204,-213.3610214415836
1205,-213.3620912845263
1206,-213.36171355976683
1207,-106.78502557318355
1208,-213.36211981737156
1209,-115.66522551649796
1210,-252.11386009893695
1211,-92.577659114778
1212,-198.13766252688666
1213,-173.3997844812596
1214,-92.57772655735239
1215,-198.13842229262931
1216,-184.94429498776248
1217,-198.12120467869318
1218,-252.1136334063196
1219,-48.00399474047562
1220,-19.762787146062777
1221,-27.931450834781295
1222,-55.636040834264676
1223,-27.222258048092364
1224,-8.406395424269578
1225,-94.68320648146
1226,-198.13583888022427
1227,-86.80199303556762
1228,-53.50072186228089
1229,-57.95891509709278
1230,-83.34294750912352
1231,-99.17514930331035
1232,-53.498518351501986
1233,-198.13583389408942
1234,-213.3599783421985
1235,-92.58156233809629
1236,-77.18119669000323
1237,-198.1358383991504
1238,-23.719927511343382
1239,-36.6736486686184
1240,-115.66976599250144
1241,-24.954262871017647
1242,-80.15193977026372
1243,-51.53086252652965
1244,-86.81103475975749
1245,-132.1630005485419
1246,-30.33341958763248
1247,-231.1215861427105
1248,-252.1121212102212
1249,-138.7518276851791
1250,-138.75179334798628
1251,-138.75187941295286
1252,-138.75179572366233
1253,-138.75179492452102
1254,-138.7520784474403
1255,-138.7517963298528
1256,-138.75179633556164
1257,-138.75179638458863
1258,-208.02662598832018
1259,-208.02666227861096
1260,-252.11207480933618
1261,-208.02656680856566
1262,-252.11208475150772
1263,-208.02660416399317
1264,-138.7518322882814
1265,-208.0262940424869
1266,-208.02648057298885
1267,-315.0889870585668
1268,-315.0889892247405
1269,-315.08899083928384
1270,-277.3010080736071
1271,-277.30102405747164
1272,-315.08899242193564
1273,-138.75179638175527
1274,-315.0889917056625
1275,-315.0889862030772
1276,-277.3010597715232
1277,-138.75179571093176
1278,-138.7517960118717
1279,-189.13541885310485
1280,-315.0889869782632
1281,-138.75179633160704
1282,-138.75179588369343
1283,-138.75179633158854
1284,-277.30106116256826
1285,-315.0889880789111
1286,-277.30104396967573
1287,-138.75179633154016
1288,-277.30105967011366
1289,-277.3010579135736
1290,-138.75179626522385
1291,-315.08899336954124
1292,-277.301040055429
1293,-138.75179595664108
1294,-277.3010350203957
1295,-138.7517962611229
1296,-277.3010427463396
1297,-315.08898846632127
1298,-138.7517959375784
1299,-277.3010477421639
1300,-138.75179352533647
1301,-277.30104189478914
1302,-315.088988938377
1303,-138.75179633153678
1304,-138.7517963521101
1305,-277.3010557644107
1306,-138.7517963740005
1307,-138.75180410799646
1308,-252.1121800592556
1309,-138.75179587947014
1310,-315.0889863617112
1311,-138.75179600910855
1312,-138.751796332078
1313,-138.7517963313083
1314,-315.08898663788807
1315,-252.11220584404535
1316,-138.75179613484573
1317,-315.08895723915197
1318,-252.11218602931578
1319,-138.75179632901398
1320,-138.75179431253224
1321,-189.13530610610496
1322,-315.088988047338
1323,-315.08899154140084
1324,-252.11214799216268
1325,-138.7517886485823
1326,-252.1121882801535
1327,-252.1121826942268
1328,-252.1121788383173
1329,-252.11218548499855
1330,-208.0265847293527
1331,-252.11216944378654
1332,-252.11217365701285
1333,-252.11270317264626
1334,-208.02659006878503
1335,-252.11218280948714
1336,-252.1121812031264
1337,-252.11218565469733
1338,-315.0889879383236
1339,-315.08898698327135
1340,-315.0889861678169
1341,-315.0889863833909
1342,-252.11219043606945
1343,-315.08898743725354
1344,-315.0889898392679
1345,-138.75178830701336
1346,-138.75179255443138
1347,-315.08898810942986
1348,-252.11218952817887
1349,-252.11219198522357
1350,-315.0889902060148
1351,-138.75179256661232
1352,-315.08898804312616
1353,-126.15942281010412
1354,-315.0889891888604
1355,-138.7519854585793
1356,-252.11218520037153
1357,-138.75203900690008
1358,-252.112174332452
1359,-189.13537057238648
1360,-189.135365067919
1361,-252.11217790013325
1362,-189.13536165365474
1363,-208.02658462334642
1364,-252.11218263164318
1365,-208.02658479374682
1366,-252.1121878716053
1367,-252.11218845201645
1368,-315.088986479592
1369,-138.75179288163514
1370,-208.02658090546205
1371,-138.75179363422518
1372,-138.75179113043623
1373,-208.02658480199403
1374,-138.75199733199173
1375,-208.02645423018438
1376,-138.75184047130068
1377,-315.08899028307354
1378,-315.0889895925611
1379,-252.1121716897908
1380,-252.11217967568197
1381,-138.75179359208815
1382,-315.08899036509564
1383,-252.1121866644721
1384,-252.11218912091644
1385,-252.11218744638
1386,-138.7517949031657
1387,-252.1121840651423
1388,-138.75179356839246
1389,-252.11217804164534
1390,-315.08898960160644
1391,-252.11217771334177
1392,-252.1121747032259
1393,-208.0264583964572
1394,-208.02657884127683
1395,-189.13537186646397
1396,-252.11219571963076
1397,-126.15859424955512
1398,-315.08899025467093
1399,-138.7517963145222
1400,-126.15858093928041
1401,-208.02658059344063
1402,-231.12174766794556
1403,-138.75179527051978
1404,-231.12176236541646
1405,-173.39308556323456
1406,-173.39309920644178
1407,-173.3931238165776
1408,-315.08899036098046
1409,-189.1354649497266
1410,-208.0265839964
1411,-138.7517963172575
1412,-138.7517960113442
1413,-231.122001890241
1414,-315.08898817509146
1415,-138.75179435103104
1416,-138.75179614310915
1417,-208.02658455918376
1418,-315.08899032599254
1419,-315.0889867836861
1420,-138.75179632873025
1421,-138.7519960630916
1422,-231.11563541293896
1423,-231.11561808314042
1424,-138.75179633399418
1425,-138.7517961582645
1426,-138.75179349216302
1427,-277.30105663827686
1428,-138.75179633153851
1429,-138.75179638555412
1430,-154.1437967493441
1431,-138.75179633153476
1432,-315.08899059751786
1433,-138.75179633157106
1434,-138.75179604883306
1435,-138.75179549954072
1436,-138.75179633156304
1437,-315.088990606878
1438,-315.0889904703888
1439,-138.75215755806545
1440,-315.08899125482725
1441,-138.75179455710855
1442,-138.7517963315391
1443,-231.11563866685387
1444,-315.0889903873773
1445,-154.14406276831917
1446,-154.14405735452127
1447,-277.30128111920277
1448,-277.30128213662516
1449,-208.02683665065396
1450,-138.75234182356743
1451,-231.1156168185955
1452,-208.026581235108
1453,-138.75179635448958
1454,-138.75179615705486
1455,-315.08898939905595
1456,-154.1438684682896
1457,-154.14382101886738
1458,-138.75179617122842
1459,-138.7517963315621
1460,-138.75179492620805
1461,-208.02659767393303
1462,-208.0265946730242
1463,-315.0889894421418
1464,-138.7517963331052
1465,-208.0266009359171
1466,-208.02645636236375
1467,-208.02658145724314
1468,-138.75217149995126
1469,-315.0889882521638
1470,-138.75179412889264
1471,-138.75179486884844
1472,-315.0889908692612
1473,-252.11217457948044
1474,-315.08898905669355
1475,-231.11551944835486
1476,-138.7517963265099
1477,-154.14406197643385
1478,-252.11219739005375
1479,-138.75199704081794
1480,-154.1440607970335
1481,-252.11217519659147
1482,-138.75179617841087
1483,-138.75179571474888
1484,-315.08899183342425
1485,-315.08898991592764
1486,-154.14406159490724
1487,-138.7517955508229
1488,-252.11217444182873
1489,-231.1220609146952
1490,-173.39311102417753
1491,-138.7517959113628
1492,-231.12163996932907
1493,-138.7517950658684
1494,-126.15849131769491
1495,-138.75179502398217
1496,-252.11216867096536
1497,-315.0889921163011
1498,-315.0889882844842
1499,-315.08898808154845
1500,-138.75179558068265
1501,-252.1121832816639
1502,-208.02657991547935
1503,-315.0889847505665
1504,-138.7517944389295
1505,-138.75179511039002
1506,-315.0889844534726
1507,-208.02658323735182
1508,-208.02658960306593
1509,-315.08898675522664
1510,-138.75179488901352
1511,-138.75179544313076
1512,-252.1121703623474
1513,-138.7517949583174
1514,-138.75179629139453
1515,-252.11216425539658
1516,-315.0889882602807
1517,-138.75179603142578
1518,-126.15926888060905
1519,-208.02658827243005
1520,-208.0265844976131
1521,-288.8510987410673
1522,-315.08898878718753
1523,-126.15923330403139
1524,-138.75179617374727
1525,-315.0889848826363
1526,-138.75179633153977
1527,-315.08899011177436
1528,-315.08899139155903
1529,-208.0264175870051
1530,-252.1124171111051
1531,-138.75179470645156
1532,-138.75239152386197
1533,-138.75179635418058
1534,-208.02651825108347
1535,-138.7517942198569
1536,-138.7519457711539
1537,-252.11284490970718
1538,-208.0265893766546
1539,-208.02659261162566
1540,-208.02654568480412
1541,-138.75179576715465
1542,-208.0265078415173
1543,-138.75179636260296
1544,-208.02649642126266
1545,-208.0264924549121
1546,-208.02649627269344
1547,-138.75179431413486
1548,-138.75179442607612
1549,-315.088992196162
1550,-138.75179484052885
1551,-138.7517963628455
1552,-252.11219272084315
1553,-315.0889890869482
1554,-138.75179634092564
1555,-208.02658339474405
1556,-208.02657937537046
1557,-208.02658448762077
1558,-252.11217519565162
1559,-138.75179633153138
1560,-208.02658314439623
1561,-252.11217498500483
1562,-138.75179533598052
1563,-138.75179596049117
1564,-138.75179627134813
1565,-138.75184074552857
1566,-138.7517963992491
1567,-208.02658450390982
1568,-138.7517959286299
1569,-208.02658414768638
1570,-208.02658144857168
1571,-138.75179634062573
1572,-208.02658839631243
1573,-138.75179467216898
1574,-138.75179602341876
1575,-208.02658376629338
1576,-208.02658325900583
1577,-208.02658887100375
1578,-208.0265841112545
1579,-138.7517963315379
1580,-208.02658427710966
1581,-138.7518414906194
1582,-138.7517944675755
1583,-208.02658466360944
1584,-208.02645782108493
1585,-138.75179568469872
1586,-208.02658474558652
1587,-138.7517951790556
1588,-315.0889872887156
1589,-208.02649247590838
1590,-138.7517955295415
1591,-315.08898953317095
1592,-315.08898816454416
1593,-208.02645966962228
1594,-208.02658464255805
1595,-138.75179343519738
1596,-138.75183957005788
1597,-208.02658384268588
1598,-208.02658304051516
1599,-208.02645889692053
1600,-315.0889893833873
1601,-208.02658467162505
1602,-138.7517941269328
1603,-208.02658963635446
1604,-315.08951558725926
1605,-138.75179609301884
1606,-138.7517949781722
1607,-252.11328131269403
1608,-138.75179646282032
1609,-138.75179434398862
1610,-315.08943794742555
1611,-315.0892024424583
1612,-208.0264599940237
1613,-126.15856181932494
1614,-138.75129437523717
1615,-126.15909079456382
1616,-138.7517952608502
1617,-208.0265897775471
1618,-277.3011067161367
1619,-138.7517959200882
1620,-208.02597501909554
1621,-252.1121725512961
1622,-138.75179351498838
1623,-138.75179605215004
1624,-208.02658786143692
1625,-252.1121973921492
1626,-138.75179447882792
1627,-252.11316678941904
1628,-138.75179629341113
1629,-138.75179633152408
1630,-315.08899063038257
1631,-277.3010545638841
1632,-252.1131676132977
1633,-315.0889887827565
1634,-252.11316953154738
1635,-138.75183949101933
1636,-252.11316602560854
1637,-315.08899110025027
1638,-138.75179616903193
1639,-252.11316585883543
1640,-252.11316922601893
1641,-277.30105659443603
1642,-138.75179633086682
1643,-138.75179633041952
1644,-138.75179639205228
1645,-315.0889899402163
1646,-252.11317010408482
1647,-138.75179627951718
1648,-315.08899001691645
1649,-252.11316906419754
1650,-252.1131709559796
1651,-252.11316539678498
1652,-138.75179595886985
1653,-138.75179612495953
1654,-252.11316628886382
1655,-138.75179633231474
1656,-252.11316951625568
1657,-138.75179440855078
1658,-138.75179637323598
1659,-315.08898805935354
1660,-138.7517963314892
1661,-315.0889887643159
1662,-138.75179639102666
1663,-138.75179631673114
1664,-138.75179666098774
1665,-252.11317390647756
1666,-315.0889897798448
1667,-138.7517963315557
1668,-277.3010521352617
1669,-138.7517960143509
1670,-252.11316865293827
1671,-252.11219724324164
1672,-252.11316524021058
1673,-315.08899451899464
1674,-138.75179568173684
1675,-252.1131657779776
1676,-138.75179596766176
1677,-277.30104397440687
1678,-252.1131725952383
1679,-138.75179438556034
1680,-138.75179590122212
1681,-252.1131706223555
1682,-252.1131654357795
1683,-252.113166619542
1684,-138.75179633413407
1685,-138.75179617535622
1686,-252.11316647483972
1687,-252.11316577081018
1688,-138.75179618478904
1689,-252.11317441706603
1690,-252.1131644963537
1691,-315.0889947442931
1692,-138.75179522569957
1693,-138.7517963282916
1694,-138.75179644660767
1695,-138.75179542133054
1696,-252.11316625780412
1697,-252.11219706656027
1698,-315.0889931788681
1699,-138.7517962639767
1700,-277.3010555229538
1701,-252.11316467669548
1702,-213.36084639787583
1703,-252.11316375644557
1704,-252.1131652668989
1705,-138.75179535732607
1706,-252.11316627459763
1707,-252.11316942930668
1708,-252.11316276299166
1709,-252.11219517009974
1710,-208.0264825825554
1711,-252.11313641012677
1712,-315.0889905757836
1713,-138.75179434627367
1714,-252.11282923396485
1715,-189.13558753977398
1716,-208.02575014982182
1717,-231.12164852018623
1718,-138.75179563235505
1719,-277.301103176539
1720,-252.11217056361764
1721,-138.75179633153874
1722,-315.088991616195
1723,-126.15826625014296
1724,-138.75179633162733
1725,-138.75179546511407
1726,-138.75179633153434
1727,-138.75196492602916
1728,-138.75179506789442
1729,-138.7517963960874
1730,-138.75179523378446
1731,-138.75179499748586
1732,-138.75179611732602
1733,-138.75179434570077
1734,-138.75179605806588
1735,-138.75179598401263
1736,-138.75179597159368
1737,-315.08899040807177
1738,-138.75179600681173
1739,-138.75185211799857
1740,-315.0890307120362
1741,-315.0890203511422
1742,-315.0890155624969
1743,-138.75179627552626
1744,-252.11221978165185
1745,-138.75179545724217
1746,-138.7518001673244
1747,-138.75179633055413
1748,-138.75179494655868
1749,-138.7517963517051
1750,-138.75179495221042
1751,-138.75179593455678
1752,-138.7517959367492
1753,-138.7517945007023
1754,-138.7517957488389
1755,-138.7517963424506
1756,-138.75179565993332
1757,-315.0889925099662
1758,-138.75179622491692
1759,-138.7517962234231
1760,-138.7517963136927
1761,-138.75179485861952
1762,-138.75179617636508
1763,-315.08898787489125
1764,-138.75179576622025
1765,-138.75179593304023
1766,-138.7517962056018
1767,-138.75179598360546
1768,-138.75179633107808
1769,-138.7517957735384
1770,-138.75179603264274
1771,-138.7517963280247
1772,-138.75179332184842
1773,-138.75179631362596
1774,-315.0889906384584
1775,-138.75179632188048
1776,-138.75179357529387
1777,-138.75179390096838
1778,-138.7517959865283
1779,-138.75179633152754
1780,-138.7517963311008
1781,-138.75179633153823
1782,-138.75179552656127
1783,-138.75179556856665
1784,-138.75179556862219
1785,-315.0889915423947
1786,-138.7517945897534
1787,-315.08898979619954
1788,-138.75179521662102
1789,-138.7517939399242
1790,-138.75179630113772
1791,-138.7517947801853
1792,-315.0889876292186
1793,-138.75179442123064
1794,-315.0889890818258
1795,-138.7517963565487
1796,-138.7517953354033
1797,-208.02652061925792
1798,-138.75179632906975
1799,-315.0889783783792
1800,-252.11217035500638
1801,-138.7520480225713
1802,-138.7517960612594
1803,-189.13566163978123
1804,-213.36032367777221
1805,-138.75179223589956
1806,-138.75179484723395
1807,-252.11217901085408
1808,-252.1121052872388
1809,-138.75179441602958
1810,-138.75179277071362
1811,-315.08899026265414
1812,-138.75179382797654
1813,-138.7517963313747
1814,-252.11215073146002
1815,-189.13537216988297
1816,-138.75182830862758
1817,-138.75179632493243
1818,-138.75179603810255
1819,-138.7517943068087
1820,-138.75179633149483
1821,-138.75179638248036
1822,-138.75179633155517
1823,-138.75209846570587
1824,-138.75210176148488
1825,-138.7517950139681
1826,-138.7517963315383
1827,-208.02639703970823
1828,-138.75179633156216
1829,-138.75179571834175
1830,-252.11233938535332
1831,-138.75210179680758
1832,-138.7521017983712
1833,-315.08901374997214
1834,-138.7517959631029
1835,-138.75179421500258
1836,-138.75210242303896
1837,-138.75179594763426
1838,-138.75179633113788
1839,-138.75179618961334
1840,-138.75209727630642
1841,-138.75208318573047
1842,-315.0889904202223
1843,-126.15883636635505
1844,-138.75209727390893
1845,-138.75209713916487
1846,-138.7517944815234
1847,-138.75179619917
1848,-315.08899013009176
1849,-138.7520974026981
1850,-138.75209779568257
1851,-208.02649055174498
1852,-208.0264936345045
1853,-138.7520968635723
1854,-138.75179476804263
1855,-138.75209758751683
1856,-138.7520972497412
1857,-252.11255754178438
1858,-208.02639390527042
1859,-138.75179633073057
1860,-138.7517963315408
1861,-138.75210089278968
1862,-252.1123391656438
1863,-138.75179552827686
1864,-138.75209690165266
1865,-315.08898949278597
1866,-252.11216590076873
1867,-138.7517934463229
1868,-138.75179562038986
1869,-138.75179567224077
1870,-138.75179418651217
1871,-231.12245735003827
1872,-138.7517961697836
1873,-231.12246403337417
1874,-138.75179633153823
1875,-138.75179546358652
1876,-231.12245835717093
1877,-231.12245944955063
1878,-208.02649445081133
1879,-138.75179634188322
1880,-208.02649385929894
1881,-315.0889890416678
1882,-138.75179625253736
1883,-208.02649398677596
1884,-138.75192427067927
1885,-138.75210183933956
1886,-138.75179621917863
1887,-315.0889926036734
1888,-208.02649349105573
1889,-138.75209729288957
1890,-208.02649328199283
1891,-208.02649245999615
1892,-208.02649387899493
1893,-138.7517961161555
1894,-138.75210228955046
1895,-138.75179625503773
1896,-252.1121642865461
1897,-315.0889898242513
1898,-138.75209690951885
1899,-138.75179495358378
1900,-138.75209688544192
1901,-252.1121600545989
1902,-252.11216534963816
1903,-138.75179480251956
1904,-208.02649391394135
1905,-138.7517945821852
1906,-138.7517961774292
1907,-138.75179562035416
1908,-208.0264929248085
1909,-138.75179423986364
1910,-208.02649344770998
1911,-208.02649659071682
1912,-138.75179572886685
1913,-252.11228565568788
1914,-138.75179633152615
1915,-138.75192248678368
1916,-138.75179526760127
1917,-138.7517963328387
1918,-208.02649277406567
1919,-208.0264936323672
1920,-138.7517961966096
1921,-138.7517954043699
1922,-138.75179633186752
1923,-252.1123393853364
1924,-208.02639731669697
1925,-252.11216462063638
1926,-252.1123395737566
1927,-138.75208324234652
1928,-138.75210179737093
1929,-138.7521022507512
1930,-138.7521024702016
1931,-138.75179531522116
1932,-208.02649387816496
1933,-208.02639713074186
1934,-252.11216561634194
1935,-138.75179633128403
1936,-138.75210138491482
1937,-252.1123393650715
1938,-208.02639617595256
1939,-138.75179527176715
1940,-315.0889906913219
1941,-252.1121656182757
1942,-138.75179635695514
1943,-126.15873826708308
1944,-252.11233938533115
1945,-138.75179624027655
1946,-252.112339276678
1947,-138.7517961267969
1948,-138.7517955589223
1949,-138.75179616116378
1950,-138.7517963308118
1951,-208.02639715356605
1952,-138.7517943976908
1953,-315.0890919119806
1954,-138.75179619729198
1955,-315.0889897181212
1956,-138.7517916024711
1957,-252.11216577252628
1958,-252.1121912593806
1959,-252.1121894914201
1960,-252.11219122948694
1961,-138.75179482102195
1962,-315.08899157468005
1963,-138.75179584954677
1964,-252.11219095492064
1965,-252.11218797517677
1966,-252.11219109747464
1967,-138.75179633153817
1968,-138.75179633027733
1969,-138.75179625757363
1970,-138.75179618720796
1971,-138.7517963315367
1972,-138.75179443015458
1973,-138.75179630121127
1974,-138.7517959886879
1975,-138.75179577470675
1976,-138.75179633154136
1977,-138.75179633152428
1978,-138.75179425572887
1979,-138.75179578526732
1980,-138.75179625449013
1981,-138.7517954012513
1982,-138.75179633153817
1983,-138.75179633135946
1984,-138.75179638550145
1985,-138.75179607067543
1986,-315.0889903032858
1987,-138.75179354821347
1988,-138.75179586835102
1989,-138.7517960000692
1990,-315.08898991760634
1991,-315.0889904283827
1992,-138.751794810092
1993,-138.7517963315383
1994,-138.7517942194352
1995,-138.75179624433787
1996,-138.75179630786948
1997,-138.751796331556
1998,-138.75179633461443
1999,-138.75179576309782
